INSERT INTO cmg_cms_page ( `id`, `siteId`, `createdBy`, `modifiedBy`, `name`, `slug`, `type`, `icon`, `title`, `status`, `visibility`, `order`, `featured`, `comments`, `createdAt`, `modifiedAt`, `description`, `data`) VALUES
(183001, 183, 1, 1, 'Home', 'home', 'page', null, null, 16000, 1500, 0, 0, 0, '2019-03-11 02:21:18', '2019-03-11 02:21:18', 'Find tutorials specific to Cloud Platforms at Tutorials24x7. On this site, you can find latest and easy to understand tutorials written by us for Cloud Platforms.', '{"settings":{"defaultAvatar":"0","defaultBanner":"0","fixedBanner":"0","scrollBanner":"0","parallaxBanner":"0","background":"0","backgroundClass":"","texture":"0","header":"0","headerIcon":"0","headerTitle":"0","headerInfo":"0","headerContent":"0","headerIconUrl":"","headerBanner":"0","headerGallery":"0","headerElements":"0","headerElementType":"","content":"1","contentTitle":"0","contentInfo":"0","contentSummary":"0","contentData":"0","maxCover":"0","contentSocial":"0","contentLabels":null,"contentAvatar":"0","contentBanner":"0","contentGallery":"0","contentClass":"","contentDataClass":"","styles":"","footer":"0","footerIcon":"0","footerIconClass":null,"footerIconUrl":"","footerTitle":"0","footerTitleData":"","footerInfo":"0","footerInfoData":"","footerContent":"0","footerContentData":"","footerElements":"0","footerElementType":"","attributes":"0","attributesWithContent":"0","attributesOrder":"","attributeType":"","metaWrapClass":"","elements":"0","elementsBeforeContent":"0","elementsWithContent":"0","elementsOrder":"","elementType":"","boxWrapClass":"","boxWrapper":"","boxClass":"","widgets":"1","widgetsBeforeContent":"0","widgetsWithContent":"1","widgetsOrder":"","widgetType":"","widgetWrapClass":"","widgetWrapper":"","widgetClass":"","blocks":"1","blocksBeforeContent":"0","blocksWithContent":"0","blocksOrder":"","blockType":"","sidebars":"0","sidebarsBeforeContent":"0","sidebarsWithContent":"0","sidebarsOrder":"","sidebarType":"","topSidebar":"0","topSidebarSlugs":"","bottomSidebar":"0","bottomSidebarSlugs":"","leftSidebar":"0","leftSidebarSlug":"","rightSidebar":"1","rightSidebarSlug":"main-right","footerSidebar":"0","footerSidebarSlug":null,"comments":"0","disqus":"0","pageStyles":""}}'),
(183002, 183, 1, 1, 'Blog', 'blog', 'page', null, null, 16000, 1500, 0, 0, 0, '2019-03-11 02:21:18', '2019-03-11 02:21:18', 'Blog', '{"settings":{"defaultAvatar":"0","defaultBanner":"0","fixedBanner":"0","scrollBanner":"0","parallaxBanner":"0","background":"0","backgroundClass":"","texture":"0","header":"0","headerIcon":"0","headerTitle":"0","headerInfo":"0","headerContent":"0","headerIconUrl":"","headerBanner":"0","headerGallery":"0","headerElements":"0","headerElementType":"","content":"1","contentTitle":"1","contentInfo":"0","contentSummary":"0","contentData":"1","maxCover":"0","contentSocial":"0","contentLabels":null,"contentAvatar":"0","contentBanner":"0","contentGallery":"0","contentClass":"","contentDataClass":"","styles":"","footer":"0","footerIcon":"0","footerIconClass":null,"footerIconUrl":"","footerTitle":"0","footerTitleData":"","footerInfo":"0","footerInfoData":"","footerContent":"0","footerContentData":"","footerElements":"0","footerElementType":"","attributes":"0","attributesWithContent":"0","attributesOrder":"","attributeType":"","metaWrapClass":"","elements":"0","elementsBeforeContent":"0","elementsWithContent":"0","elementsOrder":"","elementType":"","boxWrapClass":"","boxWrapper":"","boxClass":"","widgets":"1","widgetsBeforeContent":"0","widgetsWithContent":"1","widgetsOrder":"","widgetType":"","widgetWrapClass":"","widgetWrapper":"","widgetClass":"","blocks":"0","blocksBeforeContent":"0","blocksWithContent":"0","blocksOrder":"","blockType":"","sidebars":"0","sidebarsBeforeContent":"0","sidebarsWithContent":"0","sidebarsOrder":"","sidebarType":"","topSidebar":"0","topSidebarSlugs":"","bottomSidebar":"0","bottomSidebarSlugs":"","leftSidebar":"0","leftSidebarSlug":"","rightSidebar":"0","rightSidebarSlug":"","footerSidebar":"0","footerSidebarSlug":null,"comments":"0","disqus":"0","pageStyles":""}}'),
(183003, 183, 1, 1, 'Search Pages', 'search-pages', 'page', null, null, 16000, 1500, 0, 0, 0, '2019-03-11 02:21:18', '2019-03-11 02:21:18', 'Browse Cloud Platforms Pages', '{"settings":{"defaultAvatar":"0","defaultBanner":"0","fixedBanner":"0","scrollBanner":"0","parallaxBanner":"0","background":"0","backgroundClass":"","texture":"0","header":"0","headerIcon":"0","headerTitle":"0","headerInfo":"0","headerContent":"0","headerIconUrl":"","headerBanner":"0","headerGallery":"0","headerElements":"0","headerElementType":"","content":"1","contentTitle":"1","contentInfo":"0","contentSummary":"0","contentData":"1","maxCover":"0","contentSocial":"0","contentLabels":null,"contentAvatar":"0","contentBanner":"0","contentGallery":"0","contentClass":"","contentDataClass":"","styles":"","footer":"0","footerIcon":"0","footerIconClass":null,"footerIconUrl":"","footerTitle":"0","footerTitleData":"","footerInfo":"0","footerInfoData":"","footerContent":"0","footerContentData":"","footerElements":"0","footerElementType":"","attributes":"0","attributesWithContent":"0","attributesOrder":"","attributeType":"","metaWrapClass":"","elements":"0","elementsBeforeContent":"0","elementsWithContent":"0","elementsOrder":"","elementType":"","boxWrapClass":"","boxWrapper":"","boxClass":"","widgets":"1","widgetsBeforeContent":"0","widgetsWithContent":"1","widgetsOrder":"","widgetType":"","widgetWrapClass":"","widgetWrapper":"","widgetClass":"","blocks":"0","blocksBeforeContent":"0","blocksWithContent":"0","blocksOrder":"","blockType":"","sidebars":"0","sidebarsBeforeContent":"0","sidebarsWithContent":"0","sidebarsOrder":"","sidebarType":"","topSidebar":"0","topSidebarSlugs":"","bottomSidebar":"0","bottomSidebarSlugs":"","leftSidebar":"0","leftSidebarSlug":"","rightSidebar":"0","rightSidebarSlug":"","footerSidebar":"0","footerSidebarSlug":null,"comments":"0","disqus":"0","pageStyles":""}}'),
(183004, 183, 1, 1, 'Search Articles', 'search-articles', 'page', null, null, 16000, 1500, 0, 0, 0, '2019-03-11 02:21:18', '2019-03-11 02:21:18', 'Browse Cloud Platforms Articles', '{"settings":{"defaultAvatar":"0","defaultBanner":"0","fixedBanner":"0","scrollBanner":"0","parallaxBanner":"0","background":"0","backgroundClass":"","texture":"0","header":"0","headerIcon":"0","headerTitle":"0","headerInfo":"0","headerContent":"0","headerIconUrl":"","headerBanner":"0","headerGallery":"0","headerElements":"0","headerElementType":"","content":"1","contentTitle":"1","contentInfo":"0","contentSummary":"0","contentData":"1","maxCover":"0","contentSocial":"0","contentLabels":null,"contentAvatar":"0","contentBanner":"0","contentGallery":"0","contentClass":"","contentDataClass":"","styles":"","footer":"0","footerIcon":"0","footerIconClass":null,"footerIconUrl":"","footerTitle":"0","footerTitleData":"","footerInfo":"0","footerInfoData":"","footerContent":"0","footerContentData":"","footerElements":"0","footerElementType":"","attributes":"0","attributesWithContent":"0","attributesOrder":"","attributeType":"","metaWrapClass":"","elements":"0","elementsBeforeContent":"0","elementsWithContent":"0","elementsOrder":"","elementType":"","boxWrapClass":"","boxWrapper":"","boxClass":"","widgets":"1","widgetsBeforeContent":"0","widgetsWithContent":"1","widgetsOrder":"","widgetType":"","widgetWrapClass":"","widgetWrapper":"","widgetClass":"","blocks":"0","blocksBeforeContent":"0","blocksWithContent":"0","blocksOrder":"","blockType":"","sidebars":"0","sidebarsBeforeContent":"0","sidebarsWithContent":"0","sidebarsOrder":"","sidebarType":"","topSidebar":"0","topSidebarSlugs":"","bottomSidebar":"0","bottomSidebarSlugs":"","leftSidebar":"0","leftSidebarSlug":"","rightSidebar":"0","rightSidebarSlug":"","footerSidebar":"0","footerSidebarSlug":null,"comments":"0","disqus":"0","pageStyles":""}}'),
(183005, 183, 1, 1, 'Search Posts', 'search-posts', 'page', null, null, 16000, 1500, 0, 0, 0, '2019-03-11 02:21:18', '2019-03-11 02:21:18', 'Browse Cloud Platforms Posts', '{"settings":{"defaultAvatar":"0","defaultBanner":"0","fixedBanner":"0","scrollBanner":"0","parallaxBanner":"0","background":"0","backgroundClass":"","texture":"0","header":"0","headerIcon":"0","headerTitle":"0","headerInfo":"0","headerContent":"0","headerIconUrl":"","headerBanner":"0","headerGallery":"0","headerElements":"0","headerElementType":"","content":"1","contentTitle":"1","contentInfo":"0","contentSummary":"0","contentData":"1","maxCover":"0","contentSocial":"0","contentLabels":null,"contentAvatar":"0","contentBanner":"0","contentGallery":"0","contentClass":"","contentDataClass":"","styles":"","footer":"0","footerIcon":"0","footerIconClass":null,"footerIconUrl":"","footerTitle":"0","footerTitleData":"","footerInfo":"0","footerInfoData":"","footerContent":"0","footerContentData":"","footerElements":"0","footerElementType":"","attributes":"0","attributesWithContent":"0","attributesOrder":"","attributeType":"","metaWrapClass":"","elements":"0","elementsBeforeContent":"0","elementsWithContent":"0","elementsOrder":"","elementType":"","boxWrapClass":"","boxWrapper":"","boxClass":"","widgets":"1","widgetsBeforeContent":"0","widgetsWithContent":"1","widgetsOrder":"","widgetType":"","widgetWrapClass":"","widgetWrapper":"","widgetClass":"","blocks":"0","blocksBeforeContent":"0","blocksWithContent":"0","blocksOrder":"","blockType":"","sidebars":"0","sidebarsBeforeContent":"0","sidebarsWithContent":"0","sidebarsOrder":"","sidebarType":"","topSidebar":"0","topSidebarSlugs":"","bottomSidebar":"0","bottomSidebarSlugs":"","leftSidebar":"0","leftSidebarSlug":"","rightSidebar":"0","rightSidebarSlug":"","footerSidebar":"0","footerSidebarSlug":null,"comments":"0","disqus":"0","pageStyles":""}}');
16000, 1500
INSERT INTO cmg_cms_model_content ( `id`, `templateId`, `parentId`, `parentType`, `seoName`, `seoDescription`, `seoKeywords`, `seoRobot`, `summary`, `content`, `publishedAt` ) VALUES
(183001, 15, 183001, 'page', null, "Find tutorials specific to Cloud Platforms at Tutorials24x7.", "Tutorials, Tutorial, Tutorials24x7, Cloud Platforms", 'index,follow', 'Find tutorials specific to Cloud Platforms at Tutorials24x7. Our team and site members try to write the content as much descriptive as possible with relevant snapshots and pictures to explain the subject with better clarity. We focus on writing content in details explaining each and every point to share the depth of the subject so that anyone can easily follow and able to do the same as shared by us.', 'Find tutorials specific to Cloud Platforms at Tutorials24x7. Our team and site members try to write the content as much descriptive as possible with relevant snapshots and pictures to explain the subject with better clarity. We focus on writing content in details explaining each and every point to share the depth of the subject so that anyone can easily follow and able to do the same as shared by us.', '2019-03-11 02:22:18'),
(183002, 14, 183002, 'page', null, null, 'Tutorials24x7', 'index,follow', 'Blog', null, '2019-03-11 02:22:18'),
(183003, 17, 183003, 'page', null, null, 'Tutorials24x7', 'index,follow', 'Browse Cloud Platforms Pages', null, '2019-03-11 02:22:18'),
(183004, 17, 183004, 'page', null, null, 'Tutorials24x7', 'index,follow', 'Browse Cloud Platforms Articles', null, '2019-03-11 02:22:18'),
(183005, 17, 183005, 'page', null, null, 'Tutorials24x7', 'index,follow', 'Browse Cloud Platforms Posts', null, '2019-03-11 02:22:18');

INSERT INTO cmg_core_object ( `id`, `siteId`, `templateId`, `avatarId`, `bannerId`, `videoId`, `galleryId`, `createdBy`, `modifiedBy`, `name`, `slug`, `type`, `icon`, `texture`, `title`, `description`, `classPath`, `link`, `status`, `visibility`, `order`, `pinned`, `featured`, `createdAt`, `modifiedAt`, `htmlOptions`, `summary`, `content`, `data` ) VALUES
(183101, 183, 79, NULL, NULL, NULL, NULL, 1, 1, 'Search Site Pages', 'search-site-pages', 'widget', 'icon', 'texture', 'Search Pages', 'It search pages published on active site.', NULL, NULL, 16000, 1500,0,0,0,'2019-03-11 02:25:20', '2019-03-11 02:25:20', NULL, NULL, NULL, '{"settings":{"defaultAvatar":"0","defaultBanner":"0","bkg":"0","bkgClass":"","texture":"0","header":"0","headerIcon":"0","headerTitle":"0","headerIconUrl":"","content":"1","contentTitle":"0","contentInfo":"0","contentSummary":"0","contentData":"0","contentClass":"","contentDataClass":"","styles":"","attributes":"0","attributeType":"","metaWrapClass":""},"config":{"wrapperOptions":"{ \"class\": \"box-page-search-wrap row max-cols-50\" }","singleOptions":"{ \"class\": \"box box-default box-page-search col col12x4 row\" }","excludeParams":"{\"params\": [ \"slug\" ] }","widget":"recent","texture":"","defaultBanner":"0","authorParam":"0","categoryParam":0,"tagParam":0,"wrap":"1","options":"{ \"class\": \"widget-basic widget-box-search widget-box-search-page\" }","wrapSingle":"1","singleWrapper":"div","basePath":"","allPath":"all","showAllPath":"0","singlePath":"single","route":"","pagination":"1","paging":"1","nextLabel":"&raquo;","prevLabel":"&laquo;","limit":"12","ajaxPagination":"0","ajaxPageApp":"pagination","ajaxPageController":"page","ajaxPageAction":"getPage","ajaxUrl":"","textLimit":"250","excludeMain":"0","siteModels":"1","wrapper":"div","loadAssets":"0","templateDir":null,"template":"default","factory":1,"cache":0,"cacheDb":0,"cacheFile":0,"autoload":"0","autoloadTemplate":"autoload","autoloadApp":"autoload","autoloadController":"autoload","autoloadAction":"autoload","autoloadUrl":""}}' ),
(183102, 183, 78, NULL, NULL, NULL, NULL, 1, 1, 'Recent Site Pages', 'recent-site-pages', 'widget', 'icon', 'texture', 'Recent Pages', 'It shows the recent pages published on active site.', NULL, NULL, 16000, 1500,0,0,0,'2019-03-11 02:25:20', '2019-03-11 02:25:20', NULL, NULL, NULL, '{"settings":{"defaultAvatar":"0","defaultBanner":"0","bkg":"0","bkgClass":"","texture":"0","header":"1","headerIcon":"0","headerTitle":"1","headerIconUrl":"","content":"1","contentTitle":"0","contentInfo":"0","contentSummary":"0","contentData":"0","contentClass":"","contentDataClass":"","styles":"","attributes":"0","attributeType":"","metaWrapClass":""},"config":{"wrapperOptions":"{ \"class\": \"card-page-wrap\" }","singleOptions":"{ \"class\": \"card card-default card-page\" }","excludeParams":"{\"params\": [ \"slug\" ] }","widget":"recent","texture":"","defaultBanner":"0","authorParam":"0","categoryParam":0,"tagParam":0,"wrap":"1","options":"{ \"class\": \"widget-basic widget-card widget-card-recent widget-card-page\" }","wrapSingle":"1","singleWrapper":"div","basePath":"","allPath":"all","showAllPath":"0","singlePath":"single","route":"","pagination":"0","paging":"0","nextLabel":"&raquo;","prevLabel":"&laquo;","limit":"5","ajaxPagination":"0","ajaxPageApp":"pagination","ajaxPageController":"page","ajaxPageAction":"getPage","ajaxUrl":"","textLimit":"120","excludeMain":"0","siteModels":"1","wrapper":"div","loadAssets":"0","templateDir":null,"template":"default","factory":1,"cache":0,"cacheDb":0,"cacheFile":0,"autoload":"0","autoloadTemplate":"autoload","autoloadApp":"autoload","autoloadController":"autoload","autoloadAction":"autoload","autoloadUrl":""}}' ),
(183103, 183, 78, NULL, NULL, NULL, NULL, 1, 1, 'Popular Site Pages', 'popular-site-pages', 'widget', 'icon', 'texture', 'Popular Pages', 'It shows the popular pages published on active site.', NULL, NULL, 16000, 1500,0,0,0,'2019-03-11 02:25:20', '2019-03-11 02:25:20', NULL, NULL, NULL, '{"settings":{"defaultAvatar":"0","defaultBanner":"0","bkg":"0","bkgClass":"","texture":"0","header":"1","headerIcon":"0","headerTitle":"1","headerIconUrl":"","content":"1","contentTitle":"0","contentInfo":"0","contentSummary":"0","contentData":"0","contentClass":"","contentDataClass":"","styles":"","attributes":"0","attributeType":"","metaWrapClass":""},"config":{"wrapperOptions":"{ \"class\": \"card-page-wrap\" }","singleOptions":"{ \"class\": \"card card-default card-page\" }","excludeParams":"{\"params\": [ \"slug\" ] }","widget":"popular","texture":"","defaultBanner":"0","authorParam":"0","categoryParam":0,"tagParam":0,"wrap":"1","options":"{ \"class\": \"widget-basic widget-card widget-card-popular widget-card-page\" }","wrapSingle":"1","singleWrapper":"div","basePath":"","allPath":"all","showAllPath":"0","singlePath":"single","route":"","pagination":"0","paging":"0","nextLabel":"&raquo;","prevLabel":"&laquo;","limit":"5","ajaxPagination":"0","ajaxPageApp":"pagination","ajaxPageController":"page","ajaxPageAction":"getPage","ajaxUrl":"","textLimit":"120","excludeMain":"0","siteModels":"1","wrapper":"div","loadAssets":"0","templateDir":null,"template":"default","factory":1,"cache":0,"cacheDb":0,"cacheFile":0,"autoload":"0","autoloadTemplate":"autoload","autoloadApp":"autoload","autoloadController":"autoload","autoloadAction":"autoload","autoloadUrl":""}}' ),
(183201, 183, 83, NULL, NULL, NULL, NULL, 1, 1, 'Search Site Articles', 'search-site-articles', 'widget', 'icon', 'texture', 'Search Articles', 'It search articles published on active site.', NULL, NULL, 16000, 1500,0,0,0,'2019-03-11 02:25:20', '2019-03-11 02:25:20', NULL, NULL, NULL, '{"settings":{"defaultAvatar":"0","defaultBanner":"0","bkg":"0","bkgClass":"","texture":"0","header":"0","headerIcon":"0","headerTitle":"0","headerIconUrl":"","content":"1","contentTitle":"0","contentInfo":"0","contentSummary":"0","contentData":"0","contentClass":"","contentDataClass":"","styles":"","attributes":"0","attributeType":"","metaWrapClass":""},"config":{"wrapperOptions":"{ \"class\": \"box-page-search-wrap row max-cols-50\" }","singleOptions":"{ \"class\": \"box box-default box-page-search col col12x4 row\" }","excludeParams":"{\"params\": [ \"slug\" ] }","widget":"recent","texture":"","defaultBanner":"0","authorParam":"0","categoryParam":0,"tagParam":0,"wrap":"1","options":"{ \"class\": \"widget-basic widget-box-search widget-box-search-article\" }","wrapSingle":"1","singleWrapper":"div","basePath":"","allPath":"all","showAllPath":"0","singlePath":"single","route":"","pagination":"1","paging":"1","nextLabel":"&raquo;","prevLabel":"&laquo;","limit":"12","ajaxPagination":"0","ajaxPageApp":"pagination","ajaxPageController":"page","ajaxPageAction":"getPage","ajaxUrl":"","textLimit":"250","excludeMain":"0","siteModels":"1","wrapper":"div","loadAssets":"0","templateDir":null,"template":"default","factory":1,"cache":0,"cacheDb":0,"cacheFile":0,"autoload":"0","autoloadTemplate":"autoload","autoloadApp":"autoload","autoloadController":"autoload","autoloadAction":"autoload","autoloadUrl":""}}' ),
(183202, 183, 83, NULL, NULL, NULL, NULL, 1, 1, 'Author Site Articles', 'author-site-articles', 'widget', 'icon', 'texture', 'Author Articles', 'It shows the author articles published on active site.', NULL, NULL, 16000, 1500,0,0,0,'2019-03-11 02:25:20', '2019-03-11 02:25:20', NULL, NULL, NULL, '{"settings":{"defaultAvatar":"0","defaultBanner":"0","bkg":"0","bkgClass":"","texture":"0","header":"0","headerIcon":"0","headerTitle":"0","headerIconUrl":"","content":"1","contentTitle":"0","contentInfo":"0","contentSummary":"0","contentData":"0","contentClass":"","contentDataClass":"","styles":"","attributes":"0","attributeType":"","metaWrapClass":""},"config":{"wrapperOptions":"{ \"class\": \"box-page-search-wrap row max-cols-50\" }","singleOptions":"{ \"class\": \"box box-default box-page-search col col12x4 row\" }","excludeParams":"{\"params\": [ \"slug\" ] }","widget":"recent","texture":"","defaultBanner":"0","authorParam":"0","categoryParam":0,"tagParam":0,"wrap":"1","options":"{ \"class\": \"widget-basic widget-box-search widget-box-search-author widget-box-search-article\" }","wrapSingle":"1","singleWrapper":"div","basePath":"","allPath":"all","showAllPath":"0","singlePath":"single","route":"","pagination":"1","paging":"1","nextLabel":"&raquo;","prevLabel":"&laquo;","limit":"12","ajaxPagination":"0","ajaxPageApp":"pagination","ajaxPageController":"page","ajaxPageAction":"getPage","ajaxUrl":"","textLimit":"250","excludeMain":"0","siteModels":"1","wrapper":"div","loadAssets":"0","templateDir":null,"template":"default","factory":1,"cache":0,"cacheDb":0,"cacheFile":0,"autoload":"0","autoloadTemplate":"autoload","autoloadApp":"autoload","autoloadController":"autoload","autoloadAction":"autoload","autoloadUrl":""}}' ),
(183203, 183, 83, NULL, NULL, NULL, NULL, 1, 1, 'Archive Site Articles', 'archive-site-articles', 'widget', 'icon', 'texture', 'Archive Articles', 'It shows the archive articles according to selected month and published on active site.', NULL, NULL, 16000, 1500,0,0,0,'2019-03-11 02:25:20', '2019-03-11 02:25:20', NULL, NULL, NULL, '{"settings":{"defaultAvatar":"0","defaultBanner":"0","bkg":"0","bkgClass":"","texture":"0","header":"0","headerIcon":"0","headerTitle":"0","headerIconUrl":"","content":"1","contentTitle":"0","contentInfo":"0","contentSummary":"0","contentData":"0","contentClass":"","contentDataClass":"","styles":"","attributes":"0","attributeType":"","metaWrapClass":""},"config":{"wrapperOptions":"{ \"class\": \"box-page-search-wrap row max-cols-50\" }","singleOptions":"{ \"class\": \"box box-default box-page-search col col12x4 row\" }","excludeParams":"{\"params\": [ \"slug\" ] }","widget":"recent","texture":"","defaultBanner":"0","authorParam":"0","categoryParam":0,"tagParam":0,"wrap":"1","options":"{ \"class\": \"widget-basic widget-box-search widget-box-search-archive widget-box-search-article\" }","wrapSingle":"1","singleWrapper":"div","basePath":"","allPath":"all","showAllPath":"0","singlePath":"single","route":"","pagination":"1","paging":"1","nextLabel":"&raquo;","prevLabel":"&laquo;","limit":"12","ajaxPagination":"0","ajaxPageApp":"pagination","ajaxPageController":"page","ajaxPageAction":"getPage","ajaxUrl":"","textLimit":"250","excludeMain":"0","siteModels":"1","wrapper":"div","loadAssets":"0","templateDir":null,"template":"default","factory":1,"cache":0,"cacheDb":0,"cacheFile":0,"autoload":"0","autoloadTemplate":"autoload","autoloadApp":"autoload","autoloadController":"autoload","autoloadAction":"autoload","autoloadUrl":""}}' ),
(183204, 183, 80, NULL, NULL, NULL, NULL, 1, 1, 'Recent Site Articles', 'recent-site-articles', 'widget', 'icon', 'texture', 'Recent Articles', 'It shows the recent articles published on active site.', NULL, NULL, 16000, 1500,0,0,0,'2019-03-11 02:25:20', '2019-03-11 02:25:20', NULL, NULL, NULL, '{"settings":{"defaultAvatar":"0","defaultBanner":"0","bkg":"0","bkgClass":"","texture":"0","header":"1","headerIcon":"0","headerTitle":"1","headerIconUrl":"","content":"1","contentTitle":"0","contentInfo":"0","contentSummary":"0","contentData":"0","contentClass":"","contentDataClass":"","styles":"","attributes":"0","attributeType":"","metaWrapClass":""},"config":{"wrapperOptions":"{ \"class\": \"card-page-wrap\" }","singleOptions":"{ \"class\": \"card card-default card-page\" }","excludeParams":"{\"params\": [ \"slug\" ] }","widget":"recent","texture":"","defaultBanner":"0","authorParam":"0","categoryParam":0,"tagParam":0,"wrap":"1","options":"{ \"class\": \"widget-basic widget-card widget-card-recent widget-card-article\" }","wrapSingle":"1","singleWrapper":"div","basePath":"","allPath":"all","showAllPath":"0","singlePath":"single","route":"","pagination":"0","paging":"0","nextLabel":"&raquo;","prevLabel":"&laquo;","limit":"5","ajaxPagination":"0","ajaxPageApp":"pagination","ajaxPageController":"page","ajaxPageAction":"getPage","ajaxUrl":"","textLimit":"120","excludeMain":"0","siteModels":"1","wrapper":"div","loadAssets":"0","templateDir":null,"template":"default","factory":1,"cache":0,"cacheDb":0,"cacheFile":0,"autoload":"0","autoloadTemplate":"autoload","autoloadApp":"autoload","autoloadController":"autoload","autoloadAction":"autoload","autoloadUrl":""}}' ),
(183205, 183, 80, NULL, NULL, NULL, NULL, 1, 1, 'Popular Site Articles', 'popular-site-articles', 'widget', 'icon', 'texture', 'Popular Articles', 'It shows the popular articles published on active site.', NULL, NULL, 16000, 1500,0,0,0,'2019-03-11 02:25:20', '2019-03-11 02:25:20', NULL, NULL, NULL, '{"settings":{"defaultAvatar":"0","defaultBanner":"0","bkg":"0","bkgClass":"","texture":"0","header":"1","headerIcon":"0","headerTitle":"1","headerIconUrl":"","content":"1","contentTitle":"0","contentInfo":"0","contentSummary":"0","contentData":"0","contentClass":"","contentDataClass":"","styles":"","attributes":"0","attributeType":"","metaWrapClass":""},"config":{"wrapperOptions":"{ \"class\": \"card-page-wrap\" }","singleOptions":"{ \"class\": \"card card-default card-page\" }","excludeParams":"{\"params\": [ \"slug\" ] }","widget":"popular","texture":"","defaultBanner":"0","authorParam":"0","categoryParam":0,"tagParam":0,"wrap":"1","options":"{ \"class\": \"widget-basic widget-card widget-card-popular widget-card-article\" }","wrapSingle":"1","singleWrapper":"div","basePath":"","allPath":"all","showAllPath":"0","singlePath":"single","route":"","pagination":"0","paging":"0","nextLabel":"&raquo;","prevLabel":"&laquo;","limit":"5","ajaxPagination":"0","ajaxPageApp":"pagination","ajaxPageController":"page","ajaxPageAction":"getPage","ajaxUrl":"","textLimit":"120","excludeMain":"0","siteModels":"1","wrapper":"div","loadAssets":"0","templateDir":null,"template":"default","factory":1,"cache":0,"cacheDb":0,"cacheFile":0,"autoload":"0","autoloadTemplate":"autoload","autoloadApp":"autoload","autoloadController":"autoload","autoloadAction":"autoload","autoloadUrl":""}}' ),
(183301, 183, 90, NULL, NULL, NULL, NULL, 1, 1, 'Home Posts', 'home-posts', 'widget', 'icon', 'texture', 'Home Posts', 'It shows posts published on all sites on landing page.', NULL, NULL, 16000, 1500,0,0,0,'2019-03-11 02:25:20', '2019-03-11 02:25:20', NULL, NULL, NULL, '{"settings":{"defaultAvatar":"0","defaultBanner":"0","bkg":"0","bkgClass":"","texture":"0","header":"0","headerIcon":"0","headerTitle":"0","headerIconUrl":"","content":"1","contentTitle":"0","contentInfo":"0","contentSummary":"0","contentData":"0","contentClass":"","contentDataClass":"","styles":"","attributes":"0","attributeType":"","metaWrapClass":""},"config":{"route":"","allPath":"all","singlePath":"single","wrapperOptions":"{ \"class\": \"box-home-wrap\" }","singleOptions":"{ \"class\": \"box box-default box-home\" }","excludeParams":"{\"params\": [ \"slug\" ] }","widget":"recent","texture":"","defaultBanner":"0","authorParam":"0","categoryParam":"0","tagParam":"0","wrap":"1","options":"{ \"class\": \"widget-basic widget-box-home widget-box-home-post\" }","wrapSingle":"1","singleWrapper":"div","basePath":"","showAllPath":"0","pagination":"1","paging":"1","nextLabel":"&raquo;","prevLabel":"&laquo;","limit":"10","ajaxPagination":"0","ajaxPageApp":"pagination","ajaxPageController":"page","ajaxPageAction":"getPage","ajaxUrl":"","textLimit":"250","excludeMain":"0","siteModels":"1","wrapper":"div","loadAssets":"0","templateDir":null,"template":"default","factory":true,"cache":false,"cacheDb":false,"cacheFile":false,"autoload":"0","autoloadTemplate":"autoload","autoloadApp":"autoload","autoloadController":"autoload","autoloadAction":"autoload","autoloadUrl":""}}' ),
(183302, 183, 89, NULL, NULL, NULL, NULL, 1, 1, 'Search Site Posts', 'search-site-posts', 'widget', 'icon', 'texture', 'Search Posts', 'It search posts published on active site.', NULL, NULL, 16000, 1500,0,0,0,'2019-03-11 02:25:20', '2019-03-11 02:25:20', NULL, NULL, NULL, '{"settings":{"defaultAvatar":"0","defaultBanner":"0","bkg":"0","bkgClass":"","texture":"0","header":"0","headerIcon":"0","headerTitle":"0","headerIconUrl":"","content":"1","contentTitle":"0","contentInfo":"0","contentSummary":"0","contentData":"0","contentClass":"","contentDataClass":"","styles":"","attributes":"0","attributeType":"","metaWrapClass":""},"config":{"route":"","allPath":"all","singlePath":"single","wrapperOptions":"{ \"class\": \"box-page-search-wrap row max-cols-50\" }","singleOptions":"{ \"class\": \"box box-default box-page-search col col12x3 row\" }","excludeParams":"{\"params\": [ \"slug\" ] }","widget":"recent","texture":"","defaultBanner":"0","authorParam":"0","categoryParam":"0","tagParam":"0","wrap":"1","options":"{ \"class\": \"widget-basic widget-box-search widget-box-search-post\" }","wrapSingle":"1","singleWrapper":"div","basePath":"","showAllPath":"0","pagination":"1","paging":"1","nextLabel":"&raquo;","prevLabel":"&laquo;","limit":"16","ajaxPagination":"0","ajaxPageApp":"pagination","ajaxPageController":"page","ajaxPageAction":"getPage","ajaxUrl":"","textLimit":"120","excludeMain":"0","siteModels":"1","wrapper":"div","loadAssets":"0","templateDir":null,"template":"default","factory":true,"cache":false,"cacheDb":false,"cacheFile":false,"autoload":"0","autoloadTemplate":"autoload","autoloadApp":"autoload","autoloadController":"autoload","autoloadAction":"autoload","autoloadUrl":""}}' ),
(183303, 183, 89, NULL, NULL, NULL, NULL, 1, 1, 'Author Site Posts', 'author-site-posts', 'widget', 'icon', 'texture', 'Author Posts', 'It shows the author posts published on active site.', NULL, NULL, 16000, 1500,0,0,0,'2019-03-11 02:25:20', '2019-03-11 02:25:20', NULL, NULL, NULL, '{"settings":{"defaultAvatar":"0","defaultBanner":"0","bkg":"0","bkgClass":"","texture":"0","header":"0","headerIcon":"0","headerTitle":"0","headerIconUrl":"","content":"1","contentTitle":"0","contentInfo":"0","contentSummary":"0","contentData":"0","contentClass":"","contentDataClass":"","styles":"","attributes":"0","attributeType":"","metaWrapClass":""},"config":{"wrapperOptions":"{ \"class\": \"box-page-search-wrap row max-cols-50\" }","singleOptions":"{ \"class\": \"box box-default box-page-search col col12x4 row\" }","excludeParams":"{\"params\": [ \"slug\" ] }","widget":"recent","texture":"","defaultBanner":"0","authorParam":"0","categoryParam":0,"tagParam":0,"wrap":"1","options":"{ \"class\": \"widget-basic widget-box-search widget-box-search-author widget-box-search-post\" }","wrapSingle":"1","singleWrapper":"div","basePath":"","allPath":"all","showAllPath":"0","singlePath":"single","route":"","pagination":"1","paging":"1","nextLabel":"&raquo;","prevLabel":"&laquo;","limit":"12","ajaxPagination":"0","ajaxPageApp":"pagination","ajaxPageController":"page","ajaxPageAction":"getPage","ajaxUrl":"","textLimit":"250","excludeMain":"0","siteModels":"1","wrapper":"div","loadAssets":"0","templateDir":null,"template":"default","factory":1,"cache":0,"cacheDb":0,"cacheFile":0,"autoload":"0","autoloadTemplate":"autoload","autoloadApp":"autoload","autoloadController":"autoload","autoloadAction":"autoload","autoloadUrl":""}}' ),
(183304, 183, 89, NULL, NULL, NULL, NULL, 1, 1, 'Archive Site Posts', 'archive-site-posts', 'widget', 'icon', 'texture', 'Archive Posts', 'It shows the archive posts according to selected month and published on active site.', NULL, NULL, 16000, 1500,0,0,0,'2019-03-11 02:25:20', '2019-03-11 02:25:20', NULL, NULL, NULL, '{"settings":{"defaultAvatar":"0","defaultBanner":"0","bkg":"0","bkgClass":"","texture":"0","header":"0","headerIcon":"0","headerTitle":"0","headerIconUrl":"","content":"1","contentTitle":"0","contentInfo":"0","contentSummary":"0","contentData":"0","contentClass":"","contentDataClass":"","styles":"","attributes":"0","attributeType":"","metaWrapClass":""},"config":{"wrapperOptions":"{ \"class\": \"box-page-search-wrap row max-cols-50\" }","singleOptions":"{ \"class\": \"box box-default box-page-search col col12x4 row\" }","excludeParams":"{\"params\": [ \"slug\" ] }","widget":"recent","texture":"","defaultBanner":"0","authorParam":"0","categoryParam":0,"tagParam":0,"wrap":"1","options":"{ \"class\": \"widget-basic widget-box-search widget-box-search-archive widget-box-search-post\" }","wrapSingle":"1","singleWrapper":"div","basePath":"","allPath":"all","showAllPath":"0","singlePath":"single","route":"","pagination":"1","paging":"1","nextLabel":"&raquo;","prevLabel":"&laquo;","limit":"12","ajaxPagination":"0","ajaxPageApp":"pagination","ajaxPageController":"page","ajaxPageAction":"getPage","ajaxUrl":"","textLimit":"250","excludeMain":"0","siteModels":"1","wrapper":"div","loadAssets":"0","templateDir":null,"template":"default","factory":1,"cache":0,"cacheDb":0,"cacheFile":0,"autoload":"0","autoloadTemplate":"autoload","autoloadApp":"autoload","autoloadController":"autoload","autoloadAction":"autoload","autoloadUrl":""}}' ),
(183305, 183, 86, NULL, NULL, NULL, NULL, 1, 1, 'Recent Site Posts', 'recent-site-posts', 'widget', 'icon', 'texture', 'Recent Posts', 'It shows the recent posts published on active site.', NULL, NULL, 16000, 1500,0,0,0,'2019-03-11 02:25:20', '2019-03-11 02:25:20', NULL, NULL, NULL, '{"settings":{"defaultAvatar":"0","defaultBanner":"0","bkg":"0","bkgClass":"","texture":"0","header":"1","headerIcon":"0","headerTitle":"1","headerIconUrl":"","content":"1","contentTitle":"0","contentInfo":"0","contentSummary":"0","contentData":"0","contentClass":"","contentDataClass":"","styles":"","attributes":"0","attributeType":"","metaWrapClass":""},"config":{"wrapperOptions":"{ \"class\": \"card-page-wrap\" }","singleOptions":"{ \"class\": \"card card-default card-page\" }","excludeParams":"{\"params\": [ \"slug\" ] }","widget":"recent","texture":"","defaultBanner":"0","authorParam":"0","categoryParam":0,"tagParam":0,"wrap":"1","options":"{ \"class\": \"widget-basic widget-card widget-card-recent widget-card-post\" }","wrapSingle":"1","singleWrapper":"div","basePath":"","allPath":"all","showAllPath":"0","singlePath":"single","route":"","pagination":"0","paging":"0","nextLabel":"&raquo;","prevLabel":"&laquo;","limit":"5","ajaxPagination":"0","ajaxPageApp":"pagination","ajaxPageController":"page","ajaxPageAction":"getPage","ajaxUrl":"","textLimit":"120","excludeMain":"0","siteModels":"1","wrapper":"div","loadAssets":"0","templateDir":null,"template":"default","factory":1,"cache":0,"cacheDb":0,"cacheFile":0,"autoload":"0","autoloadTemplate":"autoload","autoloadApp":"autoload","autoloadController":"autoload","autoloadAction":"autoload","autoloadUrl":""}}' ),
(183306, 183, 86, NULL, NULL, NULL, NULL, 1, 1, 'Popular Site Posts', 'popular-site-posts', 'widget', 'icon', 'texture', 'Popular Posts', 'It shows the popular posts published on active site.', NULL, NULL, 16000, 1500,0,0,0,'2019-03-11 02:25:20', '2019-03-11 02:25:20', NULL, NULL, NULL, '{"settings":{"defaultAvatar":"0","defaultBanner":"0","bkg":"0","bkgClass":"","texture":"0","header":"1","headerIcon":"0","headerTitle":"1","headerIconUrl":"","content":"1","contentTitle":"0","contentInfo":"0","contentSummary":"0","contentData":"0","contentClass":"","contentDataClass":"","styles":"","attributes":"0","attributeType":"","metaWrapClass":""},"config":{"wrapperOptions":"{ \"class\": \"card-page-wrap\" }","singleOptions":"{ \"class\": \"card card-default card-page\" }","excludeParams":"{\"params\": [ \"slug\" ] }","widget":"popular","texture":"","defaultBanner":"0","authorParam":"0","categoryParam":0,"tagParam":0,"wrap":"1","options":"{ \"class\": \"widget-basic widget-card widget-card-popular widget-card-post\" }","wrapSingle":"1","singleWrapper":"div","basePath":"","allPath":"all","showAllPath":"0","singlePath":"single","route":"","pagination":"0","paging":"0","nextLabel":"&raquo;","prevLabel":"&laquo;","limit":"5","ajaxPagination":"0","ajaxPageApp":"pagination","ajaxPageController":"page","ajaxPageAction":"getPage","ajaxUrl":"","textLimit":"120","excludeMain":"0","siteModels":"1","wrapper":"div","loadAssets":"0","templateDir":null,"template":"default","factory":1,"cache":0,"cacheDb":0,"cacheFile":0,"autoload":"0","autoloadTemplate":"autoload","autoloadApp":"autoload","autoloadController":"autoload","autoloadAction":"autoload","autoloadUrl":""}}' ),
(183307, 183, 87, NULL, NULL, NULL, NULL, 1, 1, 'Related Site Posts', 'related-site-posts', 'widget', 'icon', 'texture', 'Related Posts', 'It shows the related posts published on active site.', NULL, NULL, 16000, 1500,0,0,0,'2019-03-11 02:25:20', '2019-03-11 02:25:20', NULL, NULL, NULL, '{"settings":{"defaultAvatar":"0","defaultBanner":"0","bkg":"0","bkgClass":"","texture":"0","header":"1","headerIcon":"0","headerTitle":"1","headerIconUrl":"","content":"1","contentTitle":"0","contentInfo":"0","contentSummary":"0","contentData":"0","contentClass":"","contentDataClass":"","styles":"","attributes":"0","attributeType":"","metaWrapClass":""},"config":{"wrapperOptions":"{ \"class\": \"card-page-wrap\" }","singleOptions":"{ \"class\": \"card card-default card-page\" }","excludeParams":"{\"params\": [ \"slug\" ] }","widget":"related","texture":"","defaultBanner":"0","authorParam":"0","categoryParam":0,"tagParam":0,"wrap":"1","options":"{ \"class\": \"widget-basic widget-card widget-card-related widget-card-post\" }","wrapSingle":"1","singleWrapper":"div","basePath":"","allPath":"all","showAllPath":"0","singlePath":"single","route":"","pagination":"0","paging":"0","nextLabel":"&raquo;","prevLabel":"&laquo;","limit":"5","ajaxPagination":"0","ajaxPageApp":"pagination","ajaxPageController":"page","ajaxPageAction":"getPage","ajaxUrl":"","textLimit":"120","excludeMain":"0","siteModels":"1","wrapper":"div","loadAssets":"0","templateDir":null,"template":"default","factory":1,"cache":0,"cacheDb":0,"cacheFile":0,"autoload":"0","autoloadTemplate":"autoload","autoloadApp":"autoload","autoloadController":"autoload","autoloadAction":"autoload","autoloadUrl":""}}' ),
(183308, 183, 89, NULL, NULL, NULL, NULL, 1, 1, 'Category Posts', 'category-posts', 'widget', 'icon', 'texture', 'Category Posts', 'It search the category posts published on active site.', NULL, NULL, 16000, 1500,0,0,0,'2019-03-11 02:25:20', '2019-03-11 02:25:20', NULL, NULL, NULL, '{"settings":{"defaultAvatar":"0","defaultBanner":"0","bkg":"0","bkgClass":"","texture":"0","header":"0","headerIcon":"0","headerTitle":"0","headerIconUrl":"","content":"1","contentTitle":"0","contentInfo":"0","contentSummary":"0","contentData":"0","contentClass":"","contentDataClass":"","styles":"","attributes":"0","attributeType":"","metaWrapClass":""},"config":{"wrapperOptions":"{ \"class\": \"box-page-search-wrap row max-cols-50\" }","singleOptions":"{ \"class\": \"box box-default box-page-search col col12x4 row\" }","excludeParams":"{\"params\": [ \"slug\" ] }","widget":"category","texture":"","defaultBanner":"0","authorParam":"0","categoryParam":0,"tagParam":0,"wrap":"1","options":"{ \"class\": \"widget-basic widget-box-search widget-box-search-post\" }","wrapSingle":"1","singleWrapper":"div","basePath":"","allPath":"all","showAllPath":"0","singlePath":"single","route":"","pagination":"1","paging":"1","nextLabel":"&raquo;","prevLabel":"&laquo;","limit":"12","ajaxPagination":"0","ajaxPageApp":"pagination","ajaxPageController":"page","ajaxPageAction":"getPage","ajaxUrl":"","textLimit":"250","excludeMain":"0","siteModels":"1","wrapper":"div","loadAssets":"0","templateDir":null,"template":"default","factory":1,"cache":0,"cacheDb":0,"cacheFile":0,"autoload":"0","autoloadTemplate":"autoload","autoloadApp":"autoload","autoloadController":"autoload","autoloadAction":"autoload","autoloadUrl":""}}' ),
(183309, 183, 89, NULL, NULL, NULL, NULL, 1, 1, 'Tag Posts', 'tag-posts', 'widget', 'icon', 'texture', 'Tag Posts', 'It search the tag posts published on active site.', NULL, NULL, 16000, 1500,0,0,0,'2019-03-11 02:25:20', '2019-03-11 02:25:20', NULL, NULL, NULL, '{"settings":{"defaultAvatar":"0","defaultBanner":"0","bkg":"0","bkgClass":"","texture":"0","header":"0","headerIcon":"0","headerTitle":"0","headerIconUrl":"","content":"1","contentTitle":"0","contentInfo":"0","contentSummary":"0","contentData":"0","contentClass":"","contentDataClass":"","styles":"","attributes":"0","attributeType":"","metaWrapClass":""},"config":{"wrapperOptions":"{ \"class\": \"box-page-search-wrap row max-cols-50\" }","singleOptions":"{ \"class\": \"box box-default box-page-search col col12x4 row\" }","excludeParams":"{\"params\": [ \"slug\" ] }","widget":"tag","texture":"","defaultBanner":"0","authorParam":"0","categoryParam":0,"tagParam":0,"wrap":"1","options":"{ \"class\": \"widget-basic widget-box-search widget-box-search-post\" }","wrapSingle":"1","singleWrapper":"div","basePath":"","allPath":"all","showAllPath":"0","singlePath":"single","route":"","pagination":"1","paging":"1","nextLabel":"&raquo;","prevLabel":"&laquo;","limit":"12","ajaxPagination":"0","ajaxPageApp":"pagination","ajaxPageController":"page","ajaxPageAction":"getPage","ajaxUrl":"","textLimit":"250","excludeMain":"0","siteModels":"1","wrapper":"div","loadAssets":"0","templateDir":null,"template":"default","factory":1,"cache":0,"cacheDb":0,"cacheFile":0,"autoload":"0","autoloadTemplate":"autoload","autoloadApp":"autoload","autoloadController":"autoload","autoloadAction":"autoload","autoloadUrl":""}}' ),
(183310, 183, 87, NULL, NULL, NULL, NULL, 1, 1, 'Similar Posts', 'similar-posts', 'widget', 'icon', 'texture', 'Similar Posts', 'It shows the similar posts having same category or tag.', NULL, NULL, 16000, 1500,0,0,0,'2019-03-11 02:25:20', '2019-03-11 02:25:20', NULL, NULL, NULL, '{"settings":{"defaultAvatar":"0","defaultBanner":"0","bkg":"0","bkgClass":"","texture":"0","header":"0","headerIcon":"0","headerTitle":"0","headerIconUrl":"","content":"1","contentTitle":"0","contentInfo":"0","contentSummary":"0","contentData":"0","contentClass":"","contentDataClass":"","styles":"","attributes":"0","attributeType":"","metaWrapClass":""},"config":{"route":"","allPath":"all","singlePath":"single","wrapperOptions":"{ \"class\": \"box-page-wrap row max-cols-50\" }","singleOptions":"{ \"class\": \"box box-default box-page col col12x3\" }","excludeParams":"{\"params\": [ \"slug\" ] }","widget":"similar","texture":"","defaultBanner":"0","authorParam":"0","categoryParam":"0","tagParam":"0","wrap":"1","options":"{ \"class\": \"widget-basic widget-box widget-box-similar widget-box-post\" }","wrapSingle":"1","singleWrapper":"div","basePath":"","showAllPath":"0","pagination":"0","paging":"0","nextLabel":"&raquo;","prevLabel":"&laquo;","limit":"4","ajaxPagination":"0","ajaxPageApp":"pagination","ajaxPageController":"page","ajaxPageAction":"getPage","ajaxUrl":"","textLimit":"180","excludeMain":"0","siteModels":"1","wrapper":"div","loadAssets":"0","templateDir":null,"template":"default","factory":1,"cache":0,"cacheDb":0,"cacheFile":0,"autoload":"0","autoloadTemplate":"autoload","autoloadApp":"autoload","autoloadController":"autoload","autoloadAction":"autoload","autoloadUrl":""}}' );

INSERT INTO cmg_core_model_object ( `id`, `modelId`, `parentId`, `parentType`, `type`, `order`, `active`, `pinned`, `featured`, `nodes` ) VALUES
(1830001, 183301, 183001, 'page', 'widget', 0, 1, 0, 0, NULL ),
(1830002, 183302, 183002, 'page', 'widget', 0, 1, 0, 0, NULL ),
(1830003, 183101, 183003, 'page', 'widget', 0, 1, 0, 0, NULL ),
(1830004, 183302, 183005, 'page', 'widget', 0, 1, 0, 0, NULL ),
(1830005, 183201, 183004, 'page', 'widget', 0, 1, 0, 0, NULL );

INSERT INTO cmg_core_model_object ( `id`, `modelId`, `parentId`, `parentType`, `type`, `order`, `active`, `pinned`, `featured`, `nodes` ) VALUES
(1831001, 10202, 183001, 'page', 'block', 0, 1, 0, 0, NULL );

INSERT INTO cmg_core_object ( `id`, `siteId`, `templateId`, `avatarId`, `bannerId`, `createdBy`, `modifiedBy`, `name`, `slug`, `type`, `icon`, `description`, `status`, `visibility`, `classPath`, `createdAt`, `modifiedAt`, `htmlOptions`, `content`, `data` ) VALUES
(183501, 183, 95, NULL ,NULL, 1, 1, 'Main Top', 'main-top', 'sidebar', NULL, 'Main sidebar used at top of landing page.', 16000, 1500, NULL, '2019-03-11 02:28:34', '2019-03-11 02:28:34', NULL, NULL, '{"settings":{"defaultAvatar":"0","defaultBanner":"0","bkg":"0","bkgClass":"","texture":"0","header":"0","headerIcon":"0","headerTitle":"0","headerIconUrl":"","content":"1","contentTitle":"0","contentInfo":"0","contentSummary":"0","contentData":"0","contentClass":"","contentDataClass":"","styles":"","attributes":"0","attributeType":"","metaWrapClass":"","widgets":"1","widgetType":"","widgetWrapClass":"","widgetWrapper":"","widgetClass":""}}' ),
(183502, 183, 95, NULL ,NULL, 1, 1, 'Main Right', 'main-right', 'sidebar', NULL, 'Main sidebar used at right of landing page.', 16000, 1500, NULL, '2019-03-11 02:28:34', '2019-03-11 02:28:34', NULL, NULL, '{"settings":{"defaultAvatar":"0","defaultBanner":"0","bkg":"0","bkgClass":"","texture":"0","header":"0","headerIcon":"0","headerTitle":"0","headerIconUrl":"","content":"1","contentTitle":"0","contentInfo":"0","contentSummary":"0","contentData":"0","contentClass":"","contentDataClass":"","styles":"","attributes":"0","attributeType":"","metaWrapClass":"","widgets":"1","widgetType":"","widgetWrapClass":"","widgetWrapper":"","widgetClass":""}}' ),
(183503, 183, 94, NULL, NULL, 1, 1, 'Main Bottom', 'main-bottom', 'sidebar', NULL, 'Main sidebar used at bottom of landing page.', 16000, 1500, NULL, '2019-03-11 02:28:34', '2019-03-11 02:28:34', NULL, NULL, '{"settings":{"defaultAvatar":"0","defaultBanner":"0","bkg":"0","bkgClass":"","texture":"0","header":"0","headerIcon":"0","headerTitle":"0","headerIconUrl":"","content":"1","contentTitle":"0","contentInfo":"0","contentSummary":"0","contentData":"0","contentClass":"","contentDataClass":"","styles":"","attributes":"0","attributeType":"","metaWrapClass":"","widgets":"1","widgetType":"","widgetWrapClass":"","widgetWrapper":"","widgetClass":""}}' ),
(183504, 183, 94, NULL, NULL, 1, 1, 'Main Left', 'main-left', 'sidebar', NULL, 'Main sidebar used at left of landing page.', 16000, 1500, NULL, '2019-03-11 02:28:34', '2019-03-11 02:28:34', NULL, NULL, '{"settings":{"defaultAvatar":"0","defaultBanner":"0","bkg":"0","bkgClass":"","texture":"0","header":"0","headerIcon":"0","headerTitle":"0","headerIconUrl":"","content":"1","contentTitle":"0","contentInfo":"0","contentSummary":"0","contentData":"0","contentClass":"","contentDataClass":"","styles":"","attributes":"0","attributeType":"","metaWrapClass":"","widgets":"1","widgetType":"","widgetWrapClass":"","widgetWrapper":"","widgetClass":""}}' ),
(183505, 183, 95, NULL, NULL, 1, 1, 'Main Footer', 'main-footer', 'sidebar', NULL, 'Main sidebar used on public footer.', 16000, 1500, NULL, '2019-03-11 02:28:34', '2019-03-11 02:28:34', NULL, NULL, '{"settings":{"defaultAvatar":"0","defaultBanner":"0","bkg":"0","bkgClass":"","texture":"0","header":"0","headerIcon":"0","headerTitle":"0","headerIconUrl":"","content":"1","contentTitle":"0","contentInfo":"0","contentSummary":"0","contentData":"0","contentClass":"","contentDataClass":"","styles":"","attributes":"0","attributeType":"","metaWrapClass":"","widgets":"1","widgetType":"","widgetWrapClass":"","widgetWrapper":"","widgetClass":""}}' ),
(183506, 183, 95, NULL ,NULL, 1, 1, 'Page Top', 'page-top', 'sidebar', NULL, 'Page sidebar used at top of page.', 16000, 1500, NULL, '2019-03-11 02:28:34', '2019-03-11 02:28:34', NULL, NULL, '{"settings":{"defaultAvatar":"0","defaultBanner":"0","bkg":"0","bkgClass":"","texture":"0","header":"0","headerIcon":"0","headerTitle":"0","headerIconUrl":"","content":"1","contentTitle":"0","contentInfo":"0","contentSummary":"0","contentData":"0","contentClass":"","contentDataClass":"","styles":"","attributes":"0","attributeType":"","metaWrapClass":"","widgets":"1","widgetType":"","widgetWrapClass":"","widgetWrapper":"","widgetClass":""}}' ),
(183507, 183, 95, NULL ,NULL, 1, 1, 'Page Right', 'page-right', 'sidebar', NULL, 'Page sidebar used at right of page.', 16000, 1500, NULL, '2019-03-11 02:28:34', '2019-03-11 02:28:34', NULL, NULL, '{"settings":{"defaultAvatar":"0","defaultBanner":"0","bkg":"0","bkgClass":"","texture":"0","header":"0","headerIcon":"0","headerTitle":"0","headerIconUrl":"","content":"1","contentTitle":"0","contentInfo":"0","contentSummary":"0","contentData":"0","contentClass":"","contentDataClass":"","styles":"","attributes":"0","attributeType":"","metaWrapClass":"","widgets":"1","widgetType":"","widgetWrapClass":"","widgetWrapper":"","widgetClass":""}}' ),
(183508, 183, 94, NULL, NULL, 1, 1, 'Page Bottom', 'page-bottom', 'sidebar', NULL, 'Page sidebar used at bottom of page.', 16000, 1500, NULL, '2019-03-11 02:28:34', '2019-03-11 02:28:34', NULL, NULL, '{"settings":{"defaultAvatar":"0","defaultBanner":"0","bkg":"0","bkgClass":"","texture":"0","header":"0","headerIcon":"0","headerTitle":"0","headerIconUrl":"","content":"1","contentTitle":"0","contentInfo":"0","contentSummary":"0","contentData":"0","contentClass":"","contentDataClass":"","styles":"","attributes":"0","attributeType":"","metaWrapClass":"","widgets":"1","widgetType":"","widgetWrapClass":"","widgetWrapper":"","widgetClass":""}}' ),
(183509, 183, 94, NULL, NULL, 1, 1, 'Page Left', 'page-left', 'sidebar', NULL, 'Page sidebar used at left of page.', 16000, 1500, NULL, '2019-03-11 02:28:34', '2019-03-11 02:28:34', NULL, NULL, '{"settings":{"defaultAvatar":"0","defaultBanner":"0","bkg":"0","bkgClass":"","texture":"0","header":"0","headerIcon":"0","headerTitle":"0","headerIconUrl":"","content":"1","contentTitle":"0","contentInfo":"0","contentSummary":"0","contentData":"0","contentClass":"","contentDataClass":"","styles":"","attributes":"0","attributeType":"","metaWrapClass":"","widgets":"1","widgetType":"","widgetWrapClass":"","widgetWrapper":"","widgetClass":""}}' ),
(183510, 183, 95, NULL ,NULL, 1, 1, 'Post Top', 'post-top', 'sidebar', NULL, 'Post sidebar used at top of post.', 16000, 1500, NULL, '2019-03-11 02:28:34', '2019-03-11 02:28:34', NULL, NULL, '{"settings":{"defaultAvatar":"0","defaultBanner":"0","bkg":"0","bkgClass":"","texture":"0","header":"0","headerIcon":"0","headerTitle":"0","headerIconUrl":"","content":"1","contentTitle":"0","contentInfo":"0","contentSummary":"0","contentData":"0","contentClass":"","contentDataClass":"","styles":"","attributes":"0","attributeType":"","metaWrapClass":"","widgets":"1","widgetType":"","widgetWrapClass":"","widgetWrapper":"","widgetClass":""}}' ),
(183511, 183, 95, NULL ,NULL, 1, 1, 'Post Right', 'post-right', 'sidebar', NULL, 'Post sidebar used at right of post.', 16000, 1500, NULL, '2019-03-11 02:28:34', '2019-03-11 02:28:34', NULL, NULL, '{"settings":{"defaultAvatar":"0","defaultBanner":"0","bkg":"0","bkgClass":"","texture":"0","header":"0","headerIcon":"0","headerTitle":"0","headerIconUrl":"","content":"1","contentTitle":"0","contentInfo":"0","contentSummary":"0","contentData":"0","contentClass":"","contentDataClass":"","styles":"","attributes":"0","attributeType":"","metaWrapClass":"","widgets":"1","widgetType":"","widgetWrapClass":"","widgetWrapper":"","widgetClass":""}}' ),
(183512, 183, 94, NULL, NULL, 1, 1, 'Post Bottom', 'post-bottom', 'sidebar', NULL, 'Post sidebar used at bottom of post.', 16000, 1500, NULL, '2019-03-11 02:28:34', '2019-03-11 02:28:34', NULL, NULL, '{"settings":{"defaultAvatar":"0","defaultBanner":"0","bkg":"0","bkgClass":"","texture":"0","header":"0","headerIcon":"0","headerTitle":"0","headerIconUrl":"","content":"1","contentTitle":"0","contentInfo":"0","contentSummary":"0","contentData":"0","contentClass":"","contentDataClass":"","styles":"","attributes":"0","attributeType":"","metaWrapClass":"","widgets":"1","widgetType":"","widgetWrapClass":"","widgetWrapper":"","widgetClass":""}}' ),
(183513, 183, 94, NULL, NULL, 1, 1, 'Post Left', 'post-left', 'sidebar', NULL, 'Post sidebar used at left of post.', 16000, 1500, NULL, '2019-03-11 02:28:34', '2019-03-11 02:28:34', NULL, NULL, '{"settings":{"defaultAvatar":"0","defaultBanner":"0","bkg":"0","bkgClass":"","texture":"0","header":"0","headerIcon":"0","headerTitle":"0","headerIconUrl":"","content":"1","contentTitle":"0","contentInfo":"0","contentSummary":"0","contentData":"0","contentClass":"","contentDataClass":"","styles":"","attributes":"0","attributeType":"","metaWrapClass":"","widgets":"1","widgetType":"","widgetWrapClass":"","widgetWrapper":"","widgetClass":""}}' ),
(183514, 183, 95, NULL ,NULL, 1, 1, 'Category Top', 'category-top', 'sidebar', NULL, 'Post sidebar used at top of post.', 16000, 1500, NULL, '2019-03-11 02:28:34', '2019-03-11 02:28:34', NULL, NULL, '{"settings":{"defaultAvatar":"0","defaultBanner":"0","bkg":"0","bkgClass":"","texture":"0","header":"0","headerIcon":"0","headerTitle":"0","headerIconUrl":"","content":"1","contentTitle":"0","contentInfo":"0","contentSummary":"0","contentData":"0","contentClass":"","contentDataClass":"","styles":"","attributes":"0","attributeType":"","metaWrapClass":"","widgets":"1","widgetType":"","widgetWrapClass":"","widgetWrapper":"","widgetClass":""}}' ),
(183515, 183, 95, NULL ,NULL, 1, 1, 'Category Right', 'category-right', 'sidebar', NULL, 'Post sidebar used at right of post.', 16000, 1500, NULL, '2019-03-11 02:28:34', '2019-03-11 02:28:34', NULL, NULL, '{"settings":{"defaultAvatar":"0","defaultBanner":"0","bkg":"0","bkgClass":"","texture":"0","header":"0","headerIcon":"0","headerTitle":"0","headerIconUrl":"","content":"1","contentTitle":"0","contentInfo":"0","contentSummary":"0","contentData":"0","contentClass":"","contentDataClass":"","styles":"","attributes":"0","attributeType":"","metaWrapClass":"","widgets":"1","widgetType":"","widgetWrapClass":"","widgetWrapper":"","widgetClass":""}}' ),
(183516, 183, 94, NULL, NULL, 1, 1, 'Category Bottom', 'category-bottom', 'sidebar', NULL, 'Post sidebar used at bottom of post.', 16000, 1500, NULL, '2019-03-11 02:28:34', '2019-03-11 02:28:34', NULL, NULL, '{"settings":{"defaultAvatar":"0","defaultBanner":"0","bkg":"0","bkgClass":"","texture":"0","header":"0","headerIcon":"0","headerTitle":"0","headerIconUrl":"","content":"1","contentTitle":"0","contentInfo":"0","contentSummary":"0","contentData":"0","contentClass":"","contentDataClass":"","styles":"","attributes":"0","attributeType":"","metaWrapClass":"","widgets":"1","widgetType":"","widgetWrapClass":"","widgetWrapper":"","widgetClass":""}}' ),
(183517, 183, 94, NULL, NULL, 1, 1, 'Category Left', 'category-left', 'sidebar', NULL, 'Post sidebar used at left of post.', 16000, 1500, NULL, '2019-03-11 02:28:34', '2019-03-11 02:28:34', NULL, NULL, '{"settings":{"defaultAvatar":"0","defaultBanner":"0","bkg":"0","bkgClass":"","texture":"0","header":"0","headerIcon":"0","headerTitle":"0","headerIconUrl":"","content":"1","contentTitle":"0","contentInfo":"0","contentSummary":"0","contentData":"0","contentClass":"","contentDataClass":"","styles":"","attributes":"0","attributeType":"","metaWrapClass":"","widgets":"1","widgetType":"","widgetWrapClass":"","widgetWrapper":"","widgetClass":""}}' ),
(183518, 183, 95, NULL ,NULL, 1, 1, 'Tag Top', 'tag-top', 'sidebar', NULL, 'Post sidebar used at top of post.', 16000, 1500, NULL, '2019-03-11 02:28:34', '2019-03-11 02:28:34', NULL, NULL, '{"settings":{"defaultAvatar":"0","defaultBanner":"0","bkg":"0","bkgClass":"","texture":"0","header":"0","headerIcon":"0","headerTitle":"0","headerIconUrl":"","content":"1","contentTitle":"0","contentInfo":"0","contentSummary":"0","contentData":"0","contentClass":"","contentDataClass":"","styles":"","attributes":"0","attributeType":"","metaWrapClass":"","widgets":"1","widgetType":"","widgetWrapClass":"","widgetWrapper":"","widgetClass":""}}' ),
(183519, 183, 95, NULL ,NULL, 1, 1, 'Tag Right', 'tag-right', 'sidebar', NULL, 'Post sidebar used at right of post.', 16000, 1500, NULL, '2019-03-11 02:28:34', '2019-03-11 02:28:34', NULL, NULL, '{"settings":{"defaultAvatar":"0","defaultBanner":"0","bkg":"0","bkgClass":"","texture":"0","header":"0","headerIcon":"0","headerTitle":"0","headerIconUrl":"","content":"1","contentTitle":"0","contentInfo":"0","contentSummary":"0","contentData":"0","contentClass":"","contentDataClass":"","styles":"","attributes":"0","attributeType":"","metaWrapClass":"","widgets":"1","widgetType":"","widgetWrapClass":"","widgetWrapper":"","widgetClass":""}}' ),
(183520, 183, 94, NULL, NULL, 1, 1, 'Tag Bottom', 'tag-bottom', 'sidebar', NULL, 'Post sidebar used at bottom of post.', 16000, 1500, NULL, '2019-03-11 02:28:34', '2019-03-11 02:28:34', NULL, NULL, '{"settings":{"defaultAvatar":"0","defaultBanner":"0","bkg":"0","bkgClass":"","texture":"0","header":"0","headerIcon":"0","headerTitle":"0","headerIconUrl":"","content":"1","contentTitle":"0","contentInfo":"0","contentSummary":"0","contentData":"0","contentClass":"","contentDataClass":"","styles":"","attributes":"0","attributeType":"","metaWrapClass":"","widgets":"1","widgetType":"","widgetWrapClass":"","widgetWrapper":"","widgetClass":""}}' ),
(183521, 183, 94, NULL, NULL, 1, 1, 'Tag Left', 'tag-left', 'sidebar', NULL, 'Post sidebar used at left of post.', 16000, 1500, NULL, '2019-03-11 02:28:34', '2019-03-11 02:28:34', NULL, NULL, '{"settings":{"defaultAvatar":"0","defaultBanner":"0","bkg":"0","bkgClass":"","texture":"0","header":"0","headerIcon":"0","headerTitle":"0","headerIconUrl":"","content":"1","contentTitle":"0","contentInfo":"0","contentSummary":"0","contentData":"0","contentClass":"","contentDataClass":"","styles":"","attributes":"0","attributeType":"","metaWrapClass":"","widgets":"1","widgetType":"","widgetWrapClass":"","widgetWrapper":"","widgetClass":""}}' ),
(183522, 183, 95, NULL ,NULL, 1, 1, 'Article Top', 'article-top', 'sidebar', NULL, 'Article sidebar used at top of article.', 16000, 1500, NULL, '2019-03-11 02:28:34', '2019-03-11 02:28:34', NULL, NULL, '{"settings":{"defaultAvatar":"0","defaultBanner":"0","bkg":"0","bkgClass":"","texture":"0","header":"0","headerIcon":"0","headerTitle":"0","headerIconUrl":"","content":"1","contentTitle":"0","contentInfo":"0","contentSummary":"0","contentData":"0","contentClass":"","contentDataClass":"","styles":"","attributes":"0","attributeType":"","metaWrapClass":"","widgets":"1","widgetType":"","widgetWrapClass":"","widgetWrapper":"","widgetClass":""}}' ),
(183523, 183, 95, NULL ,NULL, 1, 1, 'Article Right', 'article-right', 'sidebar', NULL, 'Article sidebar used at right of article.', 16000, 1500, NULL, '2019-03-11 02:28:34', '2019-03-11 02:28:34', NULL, NULL, '{"settings":{"defaultAvatar":"0","defaultBanner":"0","bkg":"0","bkgClass":"","texture":"0","header":"0","headerIcon":"0","headerTitle":"0","headerIconUrl":"","content":"1","contentTitle":"0","contentInfo":"0","contentSummary":"0","contentData":"0","contentClass":"","contentDataClass":"","styles":"","attributes":"0","attributeType":"","metaWrapClass":"","widgets":"1","widgetType":"","widgetWrapClass":"","widgetWrapper":"","widgetClass":""}}' ),
(183524, 183, 94, NULL, NULL, 1, 1, 'Article Bottom', 'article-bottom', 'sidebar', NULL, 'Article sidebar used at bottom of article.', 16000, 1500, NULL, '2019-03-11 02:28:34', '2019-03-11 02:28:34', NULL, NULL, '{"settings":{"defaultAvatar":"0","defaultBanner":"0","bkg":"0","bkgClass":"","texture":"0","header":"0","headerIcon":"0","headerTitle":"0","headerIconUrl":"","content":"1","contentTitle":"0","contentInfo":"0","contentSummary":"0","contentData":"0","contentClass":"","contentDataClass":"","styles":"","attributes":"0","attributeType":"","metaWrapClass":"","widgets":"1","widgetType":"","widgetWrapClass":"","widgetWrapper":"","widgetClass":""}}' ),
(183525, 183, 94, NULL, NULL, 1, 1, 'Article Left', 'article-left', 'sidebar', NULL, 'Article sidebar used at left of article.', 16000, 1500, NULL, '2019-03-11 02:28:34', '2019-03-11 02:28:34', NULL, NULL, '{"settings":{"defaultAvatar":"0","defaultBanner":"0","bkg":"0","bkgClass":"","texture":"0","header":"0","headerIcon":"0","headerTitle":"0","headerIconUrl":"","content":"1","contentTitle":"0","contentInfo":"0","contentSummary":"0","contentData":"0","contentClass":"","contentDataClass":"","styles":"","attributes":"0","attributeType":"","metaWrapClass":"","widgets":"1","widgetType":"","widgetWrapClass":"","widgetWrapper":"","widgetClass":""}}' ),
(183526, 183, 95, NULL ,NULL, 1, 1, 'Form Top', 'form-top', 'sidebar', NULL, 'Form sidebar used at top of form.', 16000, 1500, NULL, '2019-03-11 02:28:34', '2019-03-11 02:28:34', NULL, NULL, '{"settings":{"defaultAvatar":"0","defaultBanner":"0","bkg":"0","bkgClass":"","texture":"0","header":"0","headerIcon":"0","headerTitle":"0","headerIconUrl":"","content":"1","contentTitle":"0","contentInfo":"0","contentSummary":"0","contentData":"0","contentClass":"","contentDataClass":"","styles":"","attributes":"0","attributeType":"","metaWrapClass":"","widgets":"1","widgetType":"","widgetWrapClass":"","widgetWrapper":"","widgetClass":""}}' ),
(183527, 183, 95, NULL ,NULL, 1, 1, 'Form Right', 'form-right', 'sidebar', NULL, 'Form sidebar used at right of form.', 16000, 1500, NULL, '2019-03-11 02:28:34', '2019-03-11 02:28:34', NULL, NULL, '{"settings":{"defaultAvatar":"0","defaultBanner":"0","bkg":"0","bkgClass":"","texture":"0","header":"0","headerIcon":"0","headerTitle":"0","headerIconUrl":"","content":"1","contentTitle":"0","contentInfo":"0","contentSummary":"0","contentData":"0","contentClass":"","contentDataClass":"","styles":"","attributes":"0","attributeType":"","metaWrapClass":"","widgets":"1","widgetType":"","widgetWrapClass":"","widgetWrapper":"","widgetClass":""}}' ),
(183528, 183, 94, NULL, NULL, 1, 1, 'Form Bottom', 'form-bottom', 'sidebar', NULL, 'Form sidebar used at bottom of form.', 16000, 1500, NULL, '2019-03-11 02:28:34', '2019-03-11 02:28:34', NULL, NULL, '{"settings":{"defaultAvatar":"0","defaultBanner":"0","bkg":"0","bkgClass":"","texture":"0","header":"0","headerIcon":"0","headerTitle":"0","headerIconUrl":"","content":"1","contentTitle":"0","contentInfo":"0","contentSummary":"0","contentData":"0","contentClass":"","contentDataClass":"","styles":"","attributes":"0","attributeType":"","metaWrapClass":"","widgets":"1","widgetType":"","widgetWrapClass":"","widgetWrapper":"","widgetClass":""}}' ),
(183529, 183, 94, NULL, NULL, 1, 1, 'Form Left', 'form-left', 'sidebar', NULL, 'Form sidebar used at left of form.', 16000, 1500, NULL, '2019-03-11 02:28:34', '2019-03-11 02:28:34', NULL, NULL, '{"settings":{"defaultAvatar":"0","defaultBanner":"0","bkg":"0","bkgClass":"","texture":"0","header":"0","headerIcon":"0","headerTitle":"0","headerIconUrl":"","content":"1","contentTitle":"0","contentInfo":"0","contentSummary":"0","contentData":"0","contentClass":"","contentDataClass":"","styles":"","attributes":"0","attributeType":"","metaWrapClass":"","widgets":"1","widgetType":"","widgetWrapClass":"","widgetWrapper":"","widgetClass":""}}' );

INSERT INTO cmg_core_object ( `id`, `siteId`, `templateId`, `avatarId`, `bannerId`, `createdBy`, `modifiedBy`, `name`, `slug`, `type`, `icon`, `description`, `status`, `visibility`, `classPath`, `createdAt`, `modifiedAt`, `htmlOptions`, `content`, `data` ) VALUES
(183701, 183, NULL, NULL ,NULL, 1, 1, 'Main', 'main', 'menu', NULL, 'Main Menu used on landing header.', 16000, 1500, NULL, '2019-03-11 02:28:38', '2019-03-11 02:28:38', NULL, NULL, NULL ),
(183702, 183, NULL, NULL ,NULL, 1, 1, 'Secondary', 'secondary', 'menu', NULL, 'Secondary Menu used on public header.', 16000, 1500, NULL, '2019-03-11 02:28:38', '2019-03-11 02:28:38', NULL, NULL, NULL ),
(183703, 183, NULL, NULL, NULL, 1, 1, 'Links', 'links', 'menu', NULL, 'Links menu used on footer.', 16000, 1500, NULL, '2019-03-11 02:28:38', '2019-03-11 02:28:38', NULL, NULL, NULL ),
(183704, 183, NULL, NULL, NULL, 1, 1, 'Page', 'page', 'menu', NULL, 'Page menu used on footer, system pages.', 16000, 1500, NULL, '2019-03-11 02:28:38', '2019-03-11 02:28:38', NULL, NULL, NULL );

INSERT INTO cmg_core_model_object ( `id`, `modelId`, `parentId`, `parentType`, `type`, `order`, `active`, `pinned`, `featured`, `nodes` ) VALUES
(1835001, 10101, 183502, 'sidebar', 'widget', 0, 1, 0, 0, NULL ),
(1835002, 183306, 183502, 'sidebar', 'widget', 0, 1, 0, 0, NULL ),
(1835003, 10102, 183502, 'sidebar', 'widget', 0, 1, 0, 0, NULL ),
(1835011, 10101, 183507, 'sidebar', 'widget', 0, 1, 0, 0, NULL ),
(1835012, 183305, 183507, 'sidebar', 'widget', 0, 1, 0, 0, NULL ),
(1835013, 10102, 183507, 'sidebar', 'widget', 0, 1, 0, 0, NULL ),
(1835021, 10101, 183511, 'sidebar', 'widget', 0, 1, 0, 0, NULL ),
(1835022, 183305, 183511, 'sidebar', 'widget', 0, 1, 0, 0, NULL ),
(1835023, 10102, 183511, 'sidebar', 'widget', 0, 1, 0, 0, NULL ),
(1835031, 10101, 183527, 'sidebar', 'widget', 0, 1, 0, 0, NULL ),
(1835032, 183305, 183527, 'sidebar', 'widget', 0, 1, 0, 0, NULL ),
(1835033, 10102, 183527, 'sidebar', 'widget', 0, 1, 0, 0, NULL );

INSERT INTO cmg_cms_link( `id`, `siteId`, `pageId`, `createdBy`, `modifiedBy`, `name`, `title`, `url`, `type`, `icon`, `order`, `absolute`, `user`, `createdAt`, `modifiedAt`, `htmlOptions`, `urlOptions`, `data` ) VALUES
(118301, 183, NULL, 1, 1, 'Home', NULL, '/', 'site', NULL, 0, 0, 0, '2019-03-11 02:28:38', '2019-03-11 02:28:38', NULL, NULL, NULL),
(118302, 183, NULL, 1, 1, 'Login', NULL, 'https://www.tutorials24x7.com/login', 'site', NULL, 0, 1, 0, '2019-03-11 02:28:38', '2019-03-11 02:28:38', NULL, NULL, NULL ),
(118303, 183, NULL, 1, 1, 'Register', NULL, 'https://www.tutorials24x7.com/register', 'site', NULL, 0, 1, 0, '2019-03-11 02:28:38', '2019-03-11 02:28:38', NULL, NULL, NULL ),
(118304, 183, NULL, 1, 1, 'About', 'About Us', 'https://www.tutorials24x7.com/about-us', 'site', NULL, 0, 1, 0, '2019-03-11 02:28:38', '2019-03-11 02:28:38', NULL, NULL, NULL ),
(118305, 183, NULL, 1, 1, 'Terms', 'Terms & Conditions', 'https://www.tutorials24x7.com/terms', 'site', NULL, 0, 1, 0, '2019-03-11 02:28:38', '2019-03-11 02:28:38', NULL, NULL, NULL ),
(118306, 183, NULL, 1, 1, 'Privacy', 'Privacy Policy', 'https://www.tutorials24x7.com/privacy', 'site', NULL, 0, 1, 0, '2019-03-11 02:28:38', '2019-03-11 02:28:38', NULL, NULL, NULL ),
(118307, 183, NULL, 1, 1, 'Blog', 'Blog', '/blog/search', 'site', NULL, 0, 0, 0, '2019-03-11 02:28:38', '2019-03-11 02:28:38', NULL, NULL, NULL ),
(118308, 183, NULL, 1, 1, 'Contact Us', NULL, 'https://www.tutorials24x7.com/contact-us', 'site', NULL, 0, 1, 0, '2019-03-11 02:28:38', '2019-03-11 02:28:38', NULL, NULL, NULL ),
(118309, 183, NULL, 1, 1, 'Feedback', NULL, 'https://www.tutorials24x7.com/feedback', 'site', NULL, 0, 1, 0, '2019-03-11 02:28:38', '2019-03-11 02:28:38', NULL, NULL, NULL ),
(118310, 183, NULL, 1, 1, 'Testimonial', NULL, 'https://www.tutorials24x7.com/testimonial', 'site', NULL, 0, 1, 0, '2019-03-11 02:28:38', '2019-03-11 02:28:38', NULL, NULL, NULL ),
(118311, 183, NULL, 1, 1, 'Main Site', NULL, 'https://www.tutorials24x7.com', 'site', NULL, 0, 1, 0, '2019-03-11 02:28:38', '2019-03-11 02:28:38', NULL, NULL, NULL );

INSERT INTO cmg_cms_model_link( `id`, `modelId`, `parentId`, `parentType`, `type`, `order`, `active` ) VALUES
(183001, 118301, 183701, 'menu', NULL, 0, 1 ),
(183002, 118304, 183701, 'menu', NULL, 0, 1 ),
(183003, 118305, 183701, 'menu', NULL, 0, 1 ),
(183004, 118306, 183701, 'menu', NULL, 0, 1 ),
(183005, 118301, 183702, 'menu', NULL, 0, 1 ),
(183006, 118304, 183702, 'menu', NULL, 0, 1 ),
(183007, 118305, 183702, 'menu', NULL, 0, 1 ),
(183008, 118306, 183702, 'menu', NULL, 0, 1 ),
(183009, 118307, 183703, 'menu', NULL, 0, 1 ),
(183010, 118308, 183703, 'menu', NULL, 0, 1 ),
(183011, 118309, 183703, 'menu', NULL, 0, 1 ),
(183012, 118310, 183703, 'menu', NULL, 0, 1 ),
(183013, 118301, 118311, 'menu', NULL, 0, 1 ),
(183014, 118304, 118311, 'menu', NULL, 0, 1 );